team,algo,task,k,recall,buildtime,querytime,params,begins,ends,total_time
ABS-BLINE,ABS,task1,30,0.46313999999999694,4320.262914365,0.545873767,pca-i8 192; MinRecall 0.97 ; Neighborhood{SatNeighborhood} logbase 1.3 minsize Int32 2 filter SatNeighborhood,2025-06-21T00:14:01.0,2025-06-21T01:31:48.0,4667.0
ABS-BLINE,ABS,task1,30,0.5317533333333337,4320.262914365,0.514446165,pca-i8 192; MinRecall 0.97 ; Neighborhood{SatNeighborhood} logbase 1.3 minsize Int32 2 filter SatNeighborhood,2025-06-21T00:14:01.0,2025-06-21T01:31:48.0,4667.0
ABS-BLINE,ABS,task1,30,0.5923433333333341,4320.262914365,0.476158286,pca-i8 192; MinRecall 0.97 ; Neighborhood{SatNeighborhood} logbase 1.3 minsize Int32 2 filter SatNeighborhood,2025-06-21T00:14:01.0,2025-06-21T01:31:48.0,4667.0
ABS-BLINE,ABS,task1,30,0.6465199999999989,4320.262914365,0.49451994,pca-i8 192; MinRecall 0.97 ; Neighborhood{SatNeighborhood} logbase 1.3 minsize Int32 2 filter SatNeighborhood,2025-06-21T00:14:01.0,2025-06-21T01:31:48.0,4667.0
ABS-BLINE,ABS,task1,30,0.6923599999999978,4320.262914365,0.524358145,pca-i8 192; MinRecall 0.97 ; Neighborhood{SatNeighborhood} logbase 1.3 minsize Int32 2 filter SatNeighborhood,2025-06-21T00:14:01.0,2025-06-21T01:31:48.0,4667.0
ABS-BLINE,ABS,task1,30,0.732153333333329,4320.262914365,0.596332536,pca-i8 192; MinRecall 0.97 ; Neighborhood{SatNeighborhood} logbase 1.3 minsize Int32 2 filter SatNeighborhood,2025-06-21T00:14:01.0,2025-06-21T01:31:48.0,4667.0
ABS-BLINE,ABS,task1,30,0.7647199999999936,4320.262914365,0.714271924,pca-i8 192; MinRecall 0.97 ; Neighborhood{SatNeighborhood} logbase 1.3 minsize Int32 2 filter SatNeighborhood,2025-06-21T00:14:01.0,2025-06-21T01:31:48.0,4667.0
ABS-BLINE,ABS,task1,30,0.7898099999999906,4320.262914365,0.912372926,pca-i8 192; MinRecall 0.97 ; Neighborhood{SatNeighborhood} logbase 1.3 minsize Int32 2 filter SatNeighborhood,2025-06-21T00:14:01.0,2025-06-21T01:31:48.0,4667.0
ABS-BLINE,ABS,task1,30,0.8090933333333177,4320.262914365,1.213363715,pca-i8 192; MinRecall 0.97 ; Neighborhood{SatNeighborhood} logbase 1.3 minsize Int32 2 filter SatNeighborhood,2025-06-21T00:14:01.0,2025-06-21T01:31:48.0,4667.0
ABS-BLINE,ABS,task1,30,0.8227733333333132,4320.262914365,1.685305772,pca-i8 192; MinRecall 0.97 ; Neighborhood{SatNeighborhood} logbase 1.3 minsize Int32 2 filter SatNeighborhood,2025-06-21T00:14:01.0,2025-06-21T01:31:48.0,4667.0
ABS-BLINE,ABS,task1,30,0.832256666666642,4320.262914365,2.216741507,pca-i8 192; MinRecall 0.97 ; Neighborhood{SatNeighborhood} logbase 1.3 minsize Int32 2 filter SatNeighborhood,2025-06-21T00:14:01.0,2025-06-21T01:31:48.0,4667.0
ABS-BLINE,ABS,task1,30,0.8376699999999729,4320.262914365,2.850492982,pca-i8 192; MinRecall 0.97 ; Neighborhood{SatNeighborhood} logbase 1.3 minsize Int32 2 filter SatNeighborhood,2025-06-21T00:14:01.0,2025-06-21T01:31:48.0,4667.0
ABS-BLINE,ABS,task1,30,0.8407033333333069,4320.262914365,3.395365927,pca-i8 192; MinRecall 0.97 ; Neighborhood{SatNeighborhood} logbase 1.3 minsize Int32 2 filter SatNeighborhood,2025-06-21T00:14:01.0,2025-06-21T01:31:48.0,4667.0
ABS-BLINE,ABS,task1,30,0.8426499999999726,4320.262914365,3.922023926,pca-i8 192; MinRecall 0.97 ; Neighborhood{SatNeighborhood} logbase 1.3 minsize Int32 2 filter SatNeighborhood,2025-06-21T00:14:01.0,2025-06-21T01:31:48.0,4667.0
ABS-BLINE,ABS,task1,30,0.8436866666666392,4320.262914365,4.327493445,pca-i8 192; MinRecall 0.97 ; Neighborhood{SatNeighborhood} logbase 1.3 minsize Int32 2 filter SatNeighborhood,2025-06-21T00:14:01.0,2025-06-21T01:31:48.0,4667.0
ABS-BLINE,ABS,task2,15,0.825742826414202,83.317535442,29.392259359,pca-i8 160; MinRecall 0.9 ; Neighborhood{SatNeighborhood} logbase 1.3 minsize Int32 2 filter SatNeighborhood,2025-06-21T03:27:00.0,2025-06-21T03:29:45.0,165.0
ABS-BLINE,ABS,task2,15,0.8219191632594162,96.456725071,24.470885596,pca-i8 160; MinRecall 0.95 ; Neighborhood{SatNeighborhood} logbase 1.3 minsize Int32 2 filter SatNeighborhood,2025-06-21T03:27:00.0,2025-06-21T03:29:45.0,165.0
DCC-UChile,Root_Join,task2,15,0.5431538515546867,233.15468978881836,112970.10906171799,"root_join_params: 1,1; PCA params: 0.8",2025-06-11T23:00:04.0,2025-06-13T06:26:57.0,113213.0
TeamDoubleFiltering,DoubleFiltering,task1,30,0.705069999999982,324.0,10.525,"[18,1,""RAM"",180000,600]",2025-06-21T05:12:31.0,2025-06-21T05:17:55.0,324.0
TeamDoubleFiltering,DoubleFiltering,task1,30,0.7131366666666479,324.0,9.403,"[18,1,""RAM"",190000,600]",2025-06-21T05:12:31.0,2025-06-21T05:17:55.0,324.0
TeamDoubleFiltering,DoubleFiltering,task1,30,0.7251366666666469,324.0,9.475,"[18,1,""RAM"",200000,700]",2025-06-21T05:12:31.0,2025-06-21T05:17:55.0,324.0
TeamDoubleFiltering,DoubleFiltering,task1,30,0.7417966666666455,324.0,9.953999999999999,"[18,1,""RAM"",250000,500]",2025-06-21T05:12:31.0,2025-06-21T05:17:55.0,324.0
TeamDoubleFiltering,DoubleFiltering,task1,30,0.7597266666666397,324.0,11.064,"[18,1,""RAM"",250000,800]",2025-06-21T05:12:31.0,2025-06-21T05:17:55.0,324.0
TeamDoubleFiltering,DoubleFiltering,task1,30,0.7803933333333025,324.0,11.886000000000001,"[18,1,""RAM"",280000,1000]",2025-06-21T05:12:31.0,2025-06-21T05:17:55.0,324.0
TeamDoubleFiltering,DoubleFiltering,task1,30,0.7973633333333029,324.0,13.142,"[18,1,""RAM"",320000,1000]",2025-06-21T05:12:31.0,2025-06-21T05:17:55.0,324.0
TeamDoubleFiltering,DoubleFiltering,task1,30,0.8229399999999628,324.0,15.366999999999999,"[18,1,""RAM"",400000,1000]",2025-06-21T05:12:31.0,2025-06-21T05:17:55.0,324.0
TeamDoubleFiltering,DoubleFiltering,task1,30,0.7040533333333212,324.0,11.19,"[20,1,""RAM"",150000,400]",2025-06-21T05:12:31.0,2025-06-21T05:17:55.0,324.0
TeamDoubleFiltering,DoubleFiltering,task1,30,0.714359999999985,324.0,9.693000000000001,"[20,1,""RAM"",150000,500]",2025-06-21T05:12:31.0,2025-06-21T05:17:55.0,324.0
TeamDoubleFiltering,DoubleFiltering,task1,30,0.7212266666666496,324.0,9.248,"[20,1,""RAM"",150000,600]",2025-06-21T05:12:31.0,2025-06-21T05:17:55.0,324.0
TeamDoubleFiltering,DoubleFiltering,task1,30,0.7260033333333175,324.0,9.449,"[20,1,""RAM"",150000,700]",2025-06-21T05:12:31.0,2025-06-21T05:17:55.0,324.0
TeamDoubleFiltering,DoubleFiltering,task1,30,0.7584233333333107,324.0,10.967,"[20,1,""RAM"",200000,600]",2025-06-21T05:12:31.0,2025-06-21T05:17:55.0,324.0
TeamDoubleFiltering,DoubleFiltering,task1,30,0.7744433333333076,324.0,12.229000000000001,"[20,1,""RAM"",200000,1000]",2025-06-21T05:12:31.0,2025-06-21T05:17:55.0,324.0
TeamDoubleFiltering,DoubleFiltering,task1,30,0.8016533333333008,324.0,13.985000000000001,"[20,1,""RAM"",250000,1000]",2025-06-21T05:12:31.0,2025-06-21T05:17:55.0,324.0
TeamDoubleFiltering,DoubleFiltering,task1,30,0.8222033333332974,324.0,16.073,"[20,1,""RAM"",300000,1000]",2025-06-21T05:12:31.0,2025-06-21T05:17:55.0,324.0
MetricSearch,MetricSearch,task1,30,0.804769999999971,2980.0,178.0,,2025-06-21T15:48:36.0,2025-06-21T16:41:17.0,3161.0
MetricSearch,MetricSearch,task2,15,0.8011607897858358,542.0,528.0,,2025-06-21T15:08:05.0,2025-06-21T15:17:13.0,548.0
hforest,hforest,task1,30,0.7042666666666624,2243.135853767395,15.850954294204712,"index=(ntrees=160,leaf_size=100),query=(ntrees=160,even=1100,odd=1101,dist=300,hops=2)",2025-06-21T19:21:56.0,2025-06-21T20:05:10.0,2594.0
hforest,hforest,task1,30,0.7053099999999963,2243.135853767395,15.702221870422363,"index=(ntrees=160,leaf_size=100),query=(ntrees=160,even=1100,odd=1101,dist=310,hops=2)",2025-06-21T19:21:56.0,2025-06-21T20:05:10.0,2594.0
hforest,hforest,task1,30,0.7146466666666612,2243.135853767395,16.849600076675415,"index=(ntrees=160,leaf_size=100),query=(ntrees=160,even=1200,odd=1201,dist=320,hops=2)",2025-06-21T19:21:56.0,2025-06-21T20:05:10.0,2594.0
hforest,hforest,task1,30,0.7155266666666602,2243.135853767395,17.145151376724243,"index=(ntrees=160,leaf_size=100),query=(ntrees=160,even=1200,odd=1201,dist=330,hops=2)",2025-06-21T19:21:56.0,2025-06-21T20:05:10.0,2594.0
hforest,hforest,task1,30,0.7237066666666583,2243.135853767395,18.12707757949829,"index=(ntrees=160,leaf_size=100),query=(ntrees=160,even=1300,odd=1301,dist=340,hops=2)",2025-06-21T19:21:56.0,2025-06-21T20:05:10.0,2594.0
hforest,hforest,task1,30,0.7246333333333248,2243.135853767395,18.05100107192993,"index=(ntrees=160,leaf_size=100),query=(ntrees=160,even=1300,odd=1301,dist=350,hops=2)",2025-06-21T19:21:56.0,2025-06-21T20:05:10.0,2594.0
hforest,hforest,task1,30,0.7331899999999899,2243.135853767395,19.177624940872192,"index=(ntrees=160,leaf_size=100),query=(ntrees=160,even=1420,odd=1421,dist=360,hops=2)",2025-06-21T19:21:56.0,2025-06-21T20:05:10.0,2594.0
hforest,hforest,task1,30,0.7339633333333235,2243.135853767395,19.377649307250977,"index=(ntrees=160,leaf_size=100),query=(ntrees=160,even=1420,odd=1421,dist=370,hops=2)",2025-06-21T19:21:56.0,2025-06-21T20:05:10.0,2594.0
hforest,hforest,task1,30,0.7441266666666573,2243.135853767395,20.859922409057617,"index=(ntrees=160,leaf_size=100),query=(ntrees=160,even=1580,odd=1581,dist=380,hops=2)",2025-06-21T19:21:56.0,2025-06-21T20:05:10.0,2594.0
hforest,hforest,task1,30,0.7448866666666573,2243.135853767395,21.097981929779053,"index=(ntrees=160,leaf_size=100),query=(ntrees=160,even=1580,odd=1581,dist=390,hops=2)",2025-06-21T19:21:56.0,2025-06-21T20:05:10.0,2594.0
hforest,hforest,task1,30,0.7536433333333252,2243.135853767395,22.75623083114624,"index=(ntrees=160,leaf_size=100),query=(ntrees=160,even=1740,odd=1741,dist=400,hops=2)",2025-06-21T19:21:56.0,2025-06-21T20:05:10.0,2594.0
hforest,hforest,task1,30,0.7542799999999921,2243.135853767395,22.826270818710327,"index=(ntrees=160,leaf_size=100),query=(ntrees=160,even=1740,odd=1741,dist=410,hops=2)",2025-06-21T19:21:56.0,2025-06-21T20:05:10.0,2594.0
hforest,hforest,task1,30,0.7625066666666573,2243.135853767395,24.64505910873413,"index=(ntrees=160,leaf_size=100),query=(ntrees=160,even=1920,odd=1921,dist=420,hops=2)",2025-06-21T19:21:56.0,2025-06-21T20:05:10.0,2594.0
hforest,hforest,task1,30,0.7631233333333238,2243.135853767395,24.975531578063965,"index=(ntrees=160,leaf_size=100),query=(ntrees=160,even=1920,odd=1921,dist=430,hops=2)",2025-06-21T19:21:56.0,2025-06-21T20:05:10.0,2594.0
hforest,hforest,task1,30,0.7678766666666563,2243.135853767395,27.366650342941284,"index=(ntrees=160,leaf_size=100),query=(ntrees=160,even=2024,odd=2025,dist=440,hops=2)",2025-06-21T19:21:56.0,2025-06-21T20:05:10.0,2594.0
hforest,hforest,task1,30,0.7684199999999901,2243.135853767395,42.859110832214355,"index=(ntrees=160,leaf_size=100),query=(ntrees=160,even=2024,odd=2025,dist=450,hops=2)",2025-06-21T19:21:56.0,2025-06-21T20:05:10.0,2594.0
hforest,hforest,task2,15,0.8048589129407179,0.0,98.90473318099976,"index=(ntrees=80,leaf_size=10),query=(ntrees=80,even=96,odd=97,dist=60,hops=0)",2025-06-21T16:50:08.0,2025-06-21T16:51:53.0,105.0
cc-lll,diskann,task1,30,0.834699999999976,6418.76189827919,34.60540986061096,"{'R': '64', 'LB': '100', 'B': '3', 'M': '4', 'T': 8, 'LS': ['200'], 'K': 30, 'RD': 192, 'distance_metric': 'l2'}",2025-06-21T20:09:44.0,2025-06-21T21:57:21.0,6457.0
BrownCICESE,BrownCICESE,task1,30,0.7883599999999664,9562.969612121582,1.4434478282928467,"index=(BrownCICESE),query=(b=30)",2025-06-14T15:43:35.0,2025-06-14T18:24:21.0,9646.0
BrownCICESE,BrownCICESE,task1,30,0.8084599999999608,9562.969612121582,1.5913386344909668,"index=(BrownCICESE),query=(b=35)",2025-06-14T15:43:35.0,2025-06-14T18:24:21.0,9646.0
BrownCICESE,BrownCICESE,task1,30,0.8239199999999554,9562.969612121582,1.6885316371917725,"index=(BrownCICESE),query=(b=40)",2025-06-14T15:43:35.0,2025-06-14T18:24:21.0,9646.0
BrownCICESE,BrownCICESE,task1,30,0.8364933333332841,9562.969612121582,1.8879730701446533,"index=(BrownCICESE),query=(b=45)",2025-06-14T15:43:35.0,2025-06-14T18:24:21.0,9646.0
BrownCICESE,BrownCICESE,task1,30,0.8474466666666185,9562.969612121582,1.913590908050537,"index=(BrownCICESE),query=(b=50)",2025-06-14T15:43:35.0,2025-06-14T18:24:21.0,9646.0
BrownCICESE,BrownCICESE,task1,30,0.8650033333332822,9562.969612121582,2.149517774581909,"index=(BrownCICESE),query=(b=60)",2025-06-14T15:43:35.0,2025-06-14T18:24:21.0,9646.0
BrownCICESE,BrownCICESE,task1,30,0.8774266666666181,9562.969612121582,2.415153741836548,"index=(BrownCICESE),query=(b=70)",2025-06-14T15:43:35.0,2025-06-14T18:24:21.0,9646.0
BrownCICESE,BrownCICESE,task1,30,0.8870899999999491,9562.969612121582,2.6227431297302246,"index=(BrownCICESE),query=(b=80)",2025-06-14T15:43:35.0,2025-06-14T18:24:21.0,9646.0
BrownCICESE,BrownCICESE,task1,30,0.9034399999999506,9562.969612121582,3.097460985183716,"index=(BrownCICESE),query=(b=100)",2025-06-14T15:43:35.0,2025-06-14T18:24:21.0,9646.0
BrownCICESE,BrownCICESE,task1,30,0.9245033333332827,9562.969612121582,3.982937812805176,"index=(BrownCICESE),query=(b=150)",2025-06-14T15:43:35.0,2025-06-14T18:24:21.0,9646.0
BrownCICESE,BrownCICESE,task1,30,0.9366433333332805,9562.969612121582,5.001678943634033,"index=(BrownCICESE),query=(b=200)",2025-06-14T15:43:35.0,2025-06-14T18:24:21.0,9646.0
BrownCICESE,BrownCICESE,task1,30,0.9496699999999498,9562.969612121582,6.751499891281128,"index=(BrownCICESE),query=(b=300)",2025-06-14T15:43:35.0,2025-06-14T18:24:21.0,9646.0
BrownCICESE,BrownCICESE,task1,30,0.9567999999999509,9562.969612121582,8.545599699020386,"index=(BrownCICESE),query=(b=400)",2025-06-14T15:43:35.0,2025-06-14T18:24:21.0,9646.0
BrownCICESE,BrownCICESE,task1,30,0.9613933333332894,9562.969612121582,10.050977945327759,"index=(BrownCICESE),query=(b=500)",2025-06-14T15:43:35.0,2025-06-14T18:24:21.0,9646.0
BrownCICESE,BrownCICESE,task1,30,0.9712899999999587,9562.969612121582,17.95150923728943,"index=(BrownCICESE),query=(b=1000)",2025-06-14T15:43:35.0,2025-06-14T18:24:21.0,9646.0
BrownCICESE,BrownCICESE,task2,15,0.8198393381146961,9.080475330352783,437.4507529735565,"index=(BrownCICESE),query=(M=52,H=26,O=100000,I=1)",2025-06-15T21:31:50.0,2025-06-15T21:39:20.0,450.0
JLapeyra,,task1,30,0.9999800000000001,1.0e9,870.3229568004608,"{""d_pca"": null, ""k_search"": 200, ""no_self_loops"": false}",2025-06-22T04:17:22.0,2025-06-22T04:31:55.0,873.0
JLapeyra,,task2,15,0.9944285465592013,1.0e9,61430.494060993195,"{""d_pca"": 140, ""k_search"": 200, ""no_self_loops"": false}",2025-06-22T04:35:20.0,2025-06-22T21:39:13.0,61433.0
